Country Name,Country Code,Indicator Name,1965,1966,1967,1968,1969,1970,1971,1972,1973,1974,1975,1976,1977,1978,1979,1980,1981,1982,1983,1984,1985,1986,1987,1988,1989,1990,1991,1992,1993,1994,1995,1996,1997,1998,1999,2000,2001,2002,2003,2004,2005,2009,2018,2020,2021
Aruba,ABW,Gasto en investigación y desarrollo (% del PIB),,,,,,,,,,,,,,,,,,,,,,,,,,,,,,,,,,,,,,,,,,,,,
,AFE,Gasto en investigación y desarrollo (% del PIB),,,,,,,,,,,,,,,,,,,,,,,,,,,,,,,,,,,,,,,"0,5948409336","0,6263787111","0,6277720812",,,,
Afganistán,AFG,Gasto en investigación y desarrollo (% del PIB),,,,,,,,,,,,,,,,,,,,,,,,,,,,,,,,,,,,,,,,,,,,,
,AFW,Gasto en investigación y desarrollo (% del PIB),,,,,,,,,,,,,,,,,,,,,,,,,,,,,,,,,,,,,,,,,,,,,
Angola,AGO,Gasto en investigación y desarrollo (% del PIB),,,,,,,,,,,,,,,,,,,,,,,,,,,,,,,,,,,,,,,,,,,,,
Albania,ALB,Gasto en investigación y desarrollo (% del PIB),,,,,,,,,,,,,,,,,,,,,,,,,,,,,,,,,,,,,,,,,,,,,
Andorra,AND,Gasto en investigación y desarrollo (% del PIB),,,,,,,,,,,,,,,,,,,,,,,,,,,,,,,,,,,,,,,,,,,,,
El mundo árabe,ARB,Gasto en investigación y desarrollo (% del PIB),,,,,,,,,,,,,,,,,,,,,,,,,,,,,,,,,,,,,,,,,,,,"0,7223334335",
Emiratos Árabes Unidos,ARE,Gasto en investigación y desarrollo (% del PIB),,,,,,,,,,,,,,,,,,,,,,,,,,,,,,,,,,,,,,,,,,,"1,278360009","1,449339986",
Argentina,ARG,Gasto en investigación y desarrollo (% del PIB),,,,,,,,,,,,,,,,,,,,,,,,,,,,,,,,"0,4174900055","0,4195899963","0,4113099873","0,4533700049","0,4388400018","0,4246099889","0,3888599873","0,4101299942","0,4037599862","0,4207400084","0,5839800239","0,4943499863",,
Armenia,ARM,Gasto en investigación y desarrollo (% del PIB),,,,,,,,,,,,,,,,,,,,,,,,,,,,,,,,,"0,1869200021","0,2260099947","0,2140000015","0,1910600066","0,2798700035","0,2525500059","0,3210900128","0,2565900087","0,2576099932","0,2909300029","0,1887599975","0,2092099935",
Samoa Americana,ASM,Gasto en investigación y desarrollo (% del PIB),,,,,,,,,,,,,,,,,,,,,,,,,,,,,,,,,,,,,,,"0,1878699958","0,3252800107","0,3669199944",,,,
Antigua y Barbuda,ATG,Gasto en investigación y desarrollo (% del PIB),,,,,,,,,,,,,,,,,,,,,,,,,,,,,,,,,,,,,,,,,,,,,
Australia,AUS,Gasto en investigación y desarrollo (% del PIB),,,,,,,,,,,,,,,,,,,,,,,,,,,,,,,,"1,663229942",,"1,514529943",,"1,574239969",,"1,748540044",,"1,849499941",,,,,
Austria,AUT,Gasto en investigación y desarrollo (% del PIB),,,,,,,,,,,,,,,,,,,,,,,,,,,,,,,,"1,580770016","1,654909968","1,731549978","1,845370054","1,886019945","1,9921","2,065979958","2,17456007","2,166120052","2,373239994","2,596740007","3,090579987","3,201280117",
Azerbaiyán,AZE,Gasto en investigación y desarrollo (% del PIB),,,,,,,,,,,,,,,,,,,,,,,,,,,,,,,,"0,2353300005","0,3695000112","0,4212499857","0,3928900063","0,3359999955","0,3400099874","0,3015500009","0,3249599934","0,2983100116","0,2199400067","0,2497600019","0,1841599941","0,2243500054",
Burundi,BDI,Gasto en investigación y desarrollo (% del PIB),,,,,,,,,,,,,,,,,,,,,,,,,,,,,,,,,,,,,,,,,,"0,140959993","0,2131199986",,
Bélgica,BEL,Gasto en investigación y desarrollo (% del PIB),,,,,,,,,,,,,,,,,,,,,,,,,,,,,,,,"1,742990017","1,809710026","1,838250041","1,90565002","1,936190009","2,032789946","1,903249979","1,841189981","1,820500016","1,790609956","1,998600006","2,860310078","3,477200031",
Benin,BEN,Gasto en investigación y desarrollo (% del PIB),,,,,,,,,,,,,,,,,,,,,,,,,,,,,,,,,,,,,,,,,,,,,
Burkina Faso,BFA,Gasto en investigación y desarrollo (% del PIB),,,,,,,,,,,,,,,,,,,,,,,,,,,,,,,,"0,1583400071","0,1810400039",,,,"0,1681600064","0,3011099994","0,2411199957","0,21514","0,1516599953","0,1778700054",,"0,248239994",
Bangladesh,BGD,Gasto en investigación y desarrollo (% del PIB),,,,,,,,,,,,,,,,,,,,,,,,,,,,,,,,,,,,,,,,,,,,,
Bulgaria,BGR,Gasto en investigación y desarrollo (% del PIB),,,,,,,,,,,,,,,,,,,,,,,,,,,,,,,,"0,4182600081","0,4654799998","0,4822300076","0,5368800163","0,4951699972","0,4470899999","0,4647299945","0,4722200036","0,4708600044","0,4426900148","0,4933800101","0,7537900209","0,8535100222",
Bahrein,BHR,Gasto en investigación y desarrollo (% del PIB),,,,,,,,,,,,,,,,,,,,,,,,,,,,,,,,,,,,,,,,,,,,,
Bahamas,BHS,Gasto en investigación y desarrollo (% del PIB),,,,,,,,,,,,,,,,,,,,,,,,,,,,,,,,,,,,,,,,,,,,,
Bosnia y Herzegovina,BIH,Gasto en investigación y desarrollo (% del PIB),,,,,,,,,,,,,,,,,,,,,,,,,,,,,,,,,,,,,,,"0,01826000027","0,01590000093","0,02696999907","0,02105999924","0,1948499978","0,2061399966",
Belarús,BLR,Gasto en investigación y desarrollo (% del PIB),,,,,,,,,,,,,,,,,,,,,,,,,,,,,,,,"0,9985200167","0,7300000191","0,7057800293","0,8452299833","0,7221000195","0,7087600231","0,6208999753","0,6114699841","0,6275900006","0,6785200238","0,6216700077","0,6044300199","0,5489699841",
Belice,BLZ,Gasto en investigación y desarrollo (% del PIB),,,,,,,,,,,,,,,,,,,,,,,,,,,,,,,,,,,,,,,,,,,,,
Bermudas,BMU,Gasto en investigación y desarrollo (% del PIB),,,,,,,,,,,,,,,,,,,,,,,,,,,,,,,,,"0,05885000154",,,,,,,,,"0,1823499948","0,2285600007","0,2269300073",
Bolivia,BOL,Gasto en investigación y desarrollo (% del PIB),,,,,,,,,,,,,,,,,,,,,,,,,,,,,,,,"0,3254399896","0,3157700002","0,2949500084","0,2983599901","0,287440002","0,2935799956","0,2766300142",,,,"0,1570000052",,,
Brasil,BRA,Gasto en investigación y desarrollo (% del PIB),,,,,,,,,,,,,,,,,,,,,,,,,,,,,,,,,,,,"1,047510028","1,061980009","1,009680033","0,9993900061","0,9634299874","1,002460003","1,118659973","1,167690039",,
Barbados,BRB,Gasto en investigación y desarrollo (% del PIB),,,,,,,,,,,,,,,,,,,,,,,,,,,,,,,,,,,,,,,,,,,,,
Brunei Darussalam,BRN,Gasto en investigación y desarrollo (% del PIB),,,,,,,,,,,,,,,,,,,,,,,,,,,,,,,,,,,,,,"0,01592000015","0,01841999963","0,03700999916",,,"0,2776300013",,
Bhután,BTN,Gasto en investigación y desarrollo (% del PIB),,,,,,,,,,,,,,,,,,,,,,,,,,,,,,,,,,,,,,,,,,,,,
Botswana,BWA,Gasto en investigación y desarrollo (% del PIB),,,,,,,,,,,,,,,,,,,,,,,,,,,,,,,,,,,,,,,,,"0,5328599811",,,,
República Centroafricana,CAF,Gasto en investigación y desarrollo (% del PIB),,,,,,,,,,,,,,,,,,,,,,,,,,,,,,,,,,,,,,,,,,,,,
Canadá,CAN,Gasto en investigación y desarrollo (% del PIB),,,,,,,,,,,,,,,,,,,,,,,,,,,,,,,,"1,612089992","1,613860011","1,710510015","1,749850035","1,858479977","2,021169901","1,971709967","1,967810035","1,997339964","1,971269965","1,91742003","1,679170012","1,697810054",
Europa Central y del Báltico,CEB,Gasto en investigación y desarrollo (% del PIB),,,,,,,,,,,,,,,,,,,,,,,,,,,,,,,,"0,7239238438","0,7497156822","0,7323144519","0,7366924494","0,7451133303","0,7497614869","0,738816786","0,7306646995","0,7341324176","0,7352553731","0,825375649","1,194201822","1,313856248",
Suiza,CHE,Gasto en investigación y desarrollo (% del PIB),,,,,,,,,,,,,,,,,,,,,,,,,,,,,,,,"2,373919964",,,,"2,25880003",,,,"2,597769976",,,,,
Islas del Canal,CHI,Gasto en investigación y desarrollo (% del PIB),,,,,,,,,,,,,,,,,,,,,,,,,,,,,,,,,,,,,,,,,,,,,
Chile,CHL,Gasto en investigación y desarrollo (% del PIB),,,,,,,,,,,,,,,,,,,,,,,,,,,,,,,,,,,,,,,,,,"0,3520199955","0,3664700091",,
China,CHN,Gasto en investigación y desarrollo (% del PIB),,,,,,,,,,,,,,,,,,,,,,,,,,,,,,,,"0,5632399917","0,6387299895","0,6468899846","0,7496299744","0,8931599855","0,9403300285","1,057860017","1,12037003","1,214980006","1,307919979","1,664800048","2,140579939","2,400929928",
Côte d'Ivoire,CIV,Gasto en investigación y desarrollo (% del PIB),,,,,,,,,,,,,,,,,,,,,,,,,,,,,,,,,,,,,,,,,,,,,
Camerún,CMR,Gasto en investigación y desarrollo (% del PIB),,,,,,,,,,,,,,,,,,,,,,,,,,,,,,,,,,,,,,,,,,,,,
"Congo, República Democrática del",COD,Gasto en investigación y desarrollo (% del PIB),,,,,,,,,,,,,,,,,,,,,,,,,,,,,,,,,,,,,,,,"0,2677699924","0,05798999965","0,07822000235",,,
"Congo, República del",COG,Gasto en investigación y desarrollo (% del PIB),,,,,,,,,,,,,,,,,,,,,,,,,,,,,,,,,,,,,,,,,,,,,
Colombia,COL,Gasto en investigación y desarrollo (% del PIB),,,,,,,,,,,,,,,,,,,,,,,,,,,,,,,,"0,2992300093","0,2736600041",,,"0,1310600042","0,1328999996","0,1555899978","0,1739799976","0,1696400046","0,1655700058","0,1935099959","0,3123300076","0,2881200016",
Comoras,COM,Gasto en investigación y desarrollo (% del PIB),,,,,,,,,,,,,,,,,,,,,,,,,,,,,,,,,,,,,,,,,,,,,
Cabo Verde,CPV,Gasto en investigación y desarrollo (% del PIB),,,,,,,,,,,,,,,,,,,,,,,,,,,,,,,,,,,,,,,,,,,,,
Costa Rica,CRI,Gasto en investigación y desarrollo (% del PIB),,,,,,,,,,,,,,,,,,,,,,,,,,,,,,,,"0,3022100031","0,2956900001","0,265260011","0,3675900102","0,4113500118",,,"0,3619000018","0,3728800118",,"0,5171800256","0,3714399934",,
Estados pequeos del Caribe,CSS,Gasto en investigación y desarrollo (% del PIB),,,,,,,,,,,,,,,,,,,,,,,,,,,,,,,,,,,,,,,,,,,,,
Cuba,CUB,Gasto en investigación y desarrollo (% del PIB),,,,,,,,,,,,,,,,,,,,,,,,,,,,,,,,"0,3473599851","0,4017199874","0,501240015","0,4583199918","0,4786500037","0,5652999878","0,5644500256","0,5824300051","0,6023100019","0,5491999984","0,6148499846","0,5369099975","0,5183799863",
Curacao,CUW,Gasto en investigación y desarrollo (% del PIB),,,,,,,,,,,,,,,,,,,,,,,,,,,,,,,,,,,,,,,,,,,,,
Islas Caimán,CYM,Gasto en investigación y desarrollo (% del PIB),,,,,,,,,,,,,,,,,,,,,,,,,,,,,,,,,,,,,,,,,,,,,
Chipre,CYP,Gasto en investigación y desarrollo (% del PIB),,,,,,,,,,,,,,,,,,,,,,,,,,,,,,,,,,"0,2033099979","0,2180600017","0,2268999964","0,2369399965","0,2796700001","0,3183400035","0,3356400132","0,3672699928","0,4443700016","0,6158300042","0,8223400116",
República Checa,CZE,Gasto en investigación y desarrollo (% del PIB),,,,,,,,,,,,,,,,,,,,,,,,,,,,,,,,"0,8891199827","0,9881899953","1,060220003","1,049569964","1,109969974","1,098709941","1,09818995","1,142099977","1,139350057","1,161000013","1,286560059","1,899449944","1,991039991",
Alemania,DEU,Gasto en investigación y desarrollo (% del PIB),,,,,,,,,,,,,,,,,,,,,,,,,,,,,,,,"2,144609928","2,188319921","2,216130018","2,347790003","2,40982008","2,40437007","2,436219931","2,47461009","2,435189962","2,441930056","2,742660046","3,107880116","3,14425993",
Djibouti,DJI,Gasto en investigación y desarrollo (% del PIB),,,,,,,,,,,,,,,,,,,,,,,,,,,,,,,,,,,,,,,,,,,,,
Dominica,DMA,Gasto en investigación y desarrollo (% del PIB),,,,,,,,,,,,,,,,,,,,,,,,,,,,,,,,,,,,,,,,,,,,,
Dinamarca,DNK,Gasto en investigación y desarrollo (% del PIB),,,,,,,,,,,,,,,,,,,,,,,,,,,,,,,,"1,80666995","1,88914001","2,006190062","2,127640009","2,186199903","2,324660063","2,441450119","2,510849953","2,419159889","2,393369913","3,055140018","2,966029882","2,961539984",
República Dominicana,DOM,Gasto en investigación y desarrollo (% del PIB),,,,,,,,,,,,,,,,,,,,,,,,,,,,,,,,,,,,,,,,,,,,,
Argelia,DZA,Gasto en investigación y desarrollo (% del PIB),,,,,,,,,,,,,,,,,,,,,,,,,,,,,,,,,,,,,"0,230279997","0,3664000034","0,1962299943","0,1635700017","0,06604000181",,,,
Asia oriental y el Pacífico (excluido altos ingresos),EAP,Gasto en investigación y desarrollo (% del PIB),,,,,,,,,,,,,,,,,,,,,,,,,,,,,,,,"0,4619412457","0,5633279483","0,6276404847","0,6941670368","0,7285966009","0,797672089","0,9094823077","1,003772291","1,105053743","1,177064768","1,400170817","1,91216224","2,246080944",
inicial del dividendo demográfico,EAR,Gasto en investigación y desarrollo (% del PIB),,,,,,,,,,,,,,,,,,,,,,,,,,,,,,,,,,,,"0,6061863457","0,620599795","0,6399408354","0,6140281196","0,6228734442","0,612904988","0,6198941365","0,7198102341",,
Asia oriental y el Pacífico,EAS,Gasto en investigación y desarrollo (% del PIB),,,,,,,,,,,,,,,,,,,,,,,,,,,,,,,,"2,185563636","2,26092236","2,229461108","2,29947906","2,234789916","2,280463467","2,246594134","2,329189105","2,31492983","2,396890273","2,24867167","2,355693664","2,632895473",
Europa y Asia central (excluido altos ingresos),ECA,Gasto en investigación y desarrollo (% del PIB),,,,,,,,,,,,,,,,,,,,,,,,,,,,,,,,"0,7948728335","0,8468151003","0,6599515378","0,6892088239","0,7189494682","0,8427750056","0,8707736536","0,8627638709","0,8162724553","0,8056371481","0,9641789786","0,8633649593","0,9215504608",
Europa y Asia central,ECS,Gasto en investigación y desarrollo (% del PIB),,,,,,,,,,,,,,,,,,,,,,,,,,,,,,,,"1,651734368","1,636310216","1,604652881","1,697535451","1,682436689","1,7190911","1,695218497","1,719280528","1,694712121","1,649303528","1,810670531","1,941479839","2,107326359",
Ecuador,ECU,Gasto en investigación y desarrollo (% del PIB),,,,,,,,,,,,,,,,,,,,,,,,,,,,,,,,"0,07406000048","0,06262999773","0,06516999751",,,"0,05150000006","0,0553399995","0,0573499985",,,"0,3946300149",,,
"Egipto, República Árabe de",EGY,Gasto en investigación y desarrollo (% del PIB),,,,,,,,,,,,,,,,,,,,,,,,,,,,,,,,"0,2125999928","0,1975599974","0,1991000026","0,1865099967","0,1924699992",,,,"0,2699399889","0,2414100021","0,4331200123","0,723879993","0,9621800184",
Zona del Euro,EMU,Gasto en investigación y desarrollo (% del PIB),,,,,,,,,,,,,,,,,,,,,,,,,,,,,,,,"1,740014604","1,71382438","1,741036209","1,767006678","1,809226666","1,797831718","1,839630096","1,806554235","1,784125066","1,781127054","1,988865252","2,216512755","2,359134139",
Eritrea,ERI,Gasto en investigación y desarrollo (% del PIB),,,,,,,,,,,,,,,,,,,,,,,,,,,,,,,,,,,,,,,,,,,,,
España,ESP,Gasto en investigación y desarrollo (% del PIB),,,,,,,,,,,,,,,,,,,,,,,,,,,,,,,,"0,787530005","0,7778099775","0,8480399847","0,8385400176","0,8827599883","0,8883299828","0,9597100019","1,02373004","1,040889978","1,099560022","1,363639951","1,242130041","1,405410051",
Estonia,EST,Gasto en investigación y desarrollo (% del PIB),,,,,,,,,,,,,,,,,,,,,,,,,,,,,,,,,,"0,5650100112","0,6770799756","0,6000000238","0,698390007","0,7120299935","0,7646499872","0,8458399773","0,917050004","1,396790028","1,416239977","1,792469978",
Etiopía,ETH,Gasto en investigación y desarrollo (% del PIB),,,,,,,,,,,,,,,,,,,,,,,,,,,,,,,,,,,,,,,,,"0,1791699976",,,,
Unión Europea,EUU,Gasto en investigación y desarrollo (% del PIB),,,,,,,,,,,,,,,,,,,,,,,,,,,,,,,,"1,698587892","1,730817523","1,699582089","1,783872062","1,762910023","1,821451363","1,789760164","1,825468256","1,793616436","1,781798314","1,968181807","2,18561945","2,321349376",
Frágiles y situaciones de conflicto afectados,FCS,Gasto en investigación y desarrollo (% del PIB),,,,,,,,,,,,,,,,,,,,,,,,,,,,,,,,,,,,,,,,,,,,,
Finlandia,FIN,Gasto en investigación y desarrollo (% del PIB),,,,,,,,,,,,,,,,,,,,,,,,,,,,,,,,"2,452559948","2,621579885","2,784420013","3,056190014","3,241379976","3,193720102","3,253079891","3,298219919","3,30907011","3,323699951","3,734019995","2,757420063","2,935440063",
Fiji,FJI,Gasto en investigación y desarrollo (% del PIB),,,,,,,,,,,,,,,,,,,,,,,,,,,,,,,,,,,,,,,,,,,,,
Francia,FRA,Gasto en investigación y desarrollo (% del PIB),,,,,,,,,,,,,,,,,,,,,,,,,,,,,,,,"2,222800016","2,146990061","2,094759941","2,107670069","2,093460083","2,138040066","2,174489975","2,119940042","2,094609976","2,051510096","2,212069988","2,196660042","2,354929924",
Islas Feroe,FRO,Gasto en investigación y desarrollo (% del PIB),,,,,,,,,,,,,,,,,,,,,,,,,,,,,,,,,,,,,,,"0,8570500016",,,,,,
Micronesia (Estados Federados de),FSM,Gasto en investigación y desarrollo (% del PIB),,,,,,,,,,,,,,,,,,,,,,,,,,,,,,,,,,,,,,,,,,,,,
Gabón,GAB,Gasto en investigación y desarrollo (% del PIB),,,,,,,,,,,,,,,,,,,,,,,,,,,,,,,,,,,,,,,,,,"0,5792400241",,,
Reino Unido,GBR,Gasto en investigación y desarrollo (% del PIB),,,,,,,,,,,,,,,,,,,,,,,,,,,,,,,,"1,573330045","1,538609982","1,548050046","1,624680042","1,612930059","1,601189971","1,615329981","1,579249978","1,530709982","1,54903996","1,66099","1,704939961",,
Georgia,GEO,Gasto en investigación y desarrollo (% del PIB),,,,,,,,,,,,,,,,,,,,,,,,,,,,,,,,"0,3308799863","0,3424000144","0,3538399935","0,2876900136","0,2152999938","0,2384800017","0,185739994","0,2176000029","0,2442000061","0,1765799969",,"0,2805199921","0,3007999957",
Ghana,GHA,Gasto en investigación y desarrollo (% del PIB),,,,,,,,,,,,,,,,,,,,,,,,,,,,,,,,,,,,,,,,,,,,,
Gibraltar,GIB,Gasto en investigación y desarrollo (% del PIB),,,,,,,,,,,,,,,,,,,,,,,,,,,,,,,,,,,,,,,,,,,,,
Guinea,GIN,Gasto en investigación y desarrollo (% del PIB),,,,,,,,,,,,,,,,,,,,,,,,,,,,,,,,,,,,,,,,,,,,,
Gambia,GMB,Gasto en investigación y desarrollo (% del PIB),,,,,,,,,,,,,,,,,,,,,,,,,,,,,,,,,,,,,,,,,,"0,01085999981","0,06932999939",,
Guinea-Bissau,GNB,Gasto en investigación y desarrollo (% del PIB),,,,,,,,,,,,,,,,,,,,,,,,,,,,,,,,,,,,,,,,,,,,,
Guinea Ecuatorial,GNQ,Gasto en investigación y desarrollo (% del PIB),,,,,,,,,,,,,,,,,,,,,,,,,,,,,,,,,,,,,,,,,,,,,
Grecia,GRC,Gasto en investigación y desarrollo (% del PIB),,,,,,,,,,,,,,,,,,,,,,,,,,,,,,,,,"0,4291000068",,"0,5682299733",,"0,5594800115",,"0,5465400219","0,5273000002","0,5789600015","0,6255699992","1,21370995","1,496099949",
Granada,GRD,Gasto en investigación y desarrollo (% del PIB),,,,,,,,,,,,,,,,,,,,,,,,,,,,,,,,,,,,,,,,,,,,,
Groenlandia,GRL,Gasto en investigación y desarrollo (% del PIB),,,,,,,,,,,,,,,,,,,,,,,,,,,,,,,,,,,,,"0,5274099708","0,5562800169","0,5080400109","0,6460800171",,,,,
Guatemala,GTM,Gasto en investigación y desarrollo (% del PIB),,,,,,,,,,,,,,,,,,,,,,,,,,,,,,,,,,,,,,,,,"0,03556000069","0,05620000139","0,02943000011",,
Guam,GUM,Gasto en investigación y desarrollo (% del PIB),,,,,,,,,,,,,,,,,,,,,,,,,,,,,,,,,,,,,,,"0,2657000124","0,2551800013","0,256099999",,,,
Guyana,GUY,Gasto en investigación y desarrollo (% del PIB),,,,,,,,,,,,,,,,,,,,,,,,,,,,,,,,,,,,,,,,,,,,,
Ingreso alto,HIC,Gasto en investigación y desarrollo (% del PIB),,,,,,,,,,,,,,,,,,,,,,,,,,,,,,,,"2,148121738","2,177025997","2,17958534","2,247898015","2,310474301","2,344107954","2,284862762","2,256582767","2,206194667","2,220716503","2,392807086","2,62112682","2,967474365",
"Hong Kong, Región Administrativa Especial",HKG,Gasto en investigación y desarrollo (% del PIB),,,,,,,,,,,,,,,,,,,,,,,,,,,,,,,,,,"0,4282999933","0,4576700032","0,4649299979","0,5364500284","0,5814700127","0,6802700162","0,721759975","0,7734299898","0,7734199762","0,8633999825","0,9876599908",
Honduras,HND,Gasto en investigación y desarrollo (% del PIB),,,,,,,,,,,,,,,,,,,,,,,,,,,,,,,,,,,,"0,04453000054","0,03833999857","0,04180999845","0,04214999825","0,04154999927",,,,,
Países pobres muy endeudados (PPME),HPC,Gasto en investigación y desarrollo (% del PIB),,,,,,,,,,,,,,,,,,,,,,,,,,,,,,,,,,,,,,,,,,,,,
Croacia,HRV,Gasto en investigación y desarrollo (% del PIB),,,,,,,,,,,,,,,,,,,,,,,,,,,,,,,,,,,"0,8300899863","1,040969968","0,9170699716","0,9412400126","0,9416900277","1,021350026","0,8487700224","0,8382499814","0,9523000121","1,248440027",
Haití,HTI,Gasto en investigación y desarrollo (% del PIB),,,,,,,,,,,,,,,,,,,,,,,,,,,,,,,,,,,,,,,,,,,,,
Hungría,HUN,Gasto en investigación y desarrollo (% del PIB),,,,,,,,,,,,,,,,,,,,,,,,,,,,,,,,"0,6302700043","0,6989499927","0,6571099758","0,6718599796","0,7909600139","0,9131000042","0,9835500121","0,9186499715","0,8597300053","0,9193099737","1,127629995","1,507550001","1,607660055",
Sólo BIRF,IBD,Gasto en investigación y desarrollo (% del PIB),,,,,,,,,,,,,,,,,,,,,,,,,,,,,,,,,,,,"0,6546065983","0,6822219011","0,7313346767","0,77119934","0,7979939021","0,828959454","1,015307217","1,399052012","1,853031474",
BIRF y la AIF,IBT,Gasto en investigación y desarrollo (% del PIB),,,,,,,,,,,,,,,,,,,,,,,,,,,,,,,,,,,,"0,6423616799","0,6698185738","0,7155640747","0,7649475736","0,7906434206","0,8149237897","1,002832558","1,392340357","1,839533389",
total de la AIF,IDA,Gasto en investigación y desarrollo (% del PIB),,,,,,,,,,,,,,,,,,,,,,,,,,,,,,,,,,,,,,,,,,,,,
mezcla de la AIF,IDB,Gasto en investigación y desarrollo (% del PIB),,,,,,,,,,,,,,,,,,,,,,,,,,,,,,,,,,,,,,,,,,,,,
Indonesia,IDN,Gasto en investigación y desarrollo (% del PIB),,,,,,,,,,,,,,,,,,,,,,,,,,,,,,,,,,,,"0,06768999994","0,04755999893",,,,,"0,08331999928","0,2263199985","0,2808400095",
Sólo AIF,IDX,Gasto en investigación y desarrollo (% del PIB),,,,,,,,,,,,,,,,,,,,,,,,,,,,,,,,,,,,,,,,,,,,,
Isla de Man,IMN,Gasto en investigación y desarrollo (% del PIB),,,,,,,,,,,,,,,,,,,,,,,,,,,,,,,,,,,,,,,,,,,,,
India,IND,Gasto en investigación y desarrollo (% del PIB),,,,,,,,,,,,,,,,,,,,,,,,,,,,,,,,"0,6390500069","0,6866899729","0,703790009","0,7241299748","0,7569900155","0,7359099984","0,72566998","0,7192900181","0,7569000125","0,8241099715","0,8331400156","0,6557300091",,
No clasificado,INX,Gasto en investigación y desarrollo (% del PIB),,,,,,,,,,,,,,,,,,,,,,,,,,,,,,,,,,,,,,,,,,,,,
Irlanda,IRL,Gasto en investigación y desarrollo (% del PIB),,,,,,,,,,,,,,,,,,,,,,,,,,,,,,,,"1,271559954","1,242709994","1,208009958","1,151409984","1,083829999","1,051939964","1,055750012","1,124349952","1,177780032","1,191969991","1,613710046","1,16929996","1,232329965",
"Irán, República Islámica del",IRN,Gasto en investigación y desarrollo (% del PIB),,,,,,,,,,,,,,,,,,,,,,,,,,,,,,,,,,,,,"0,5021799803","0,4955799878","0,5948399901","0,5045300126","0,6228399873","0,2725799978",,,
Iraq,IRQ,Gasto en investigación y desarrollo (% del PIB),,,,,,,,,,,,,,,,,,,,,,,,,,,,,,,,,,,,,,,,,,"0,04562000185","0,0427899994","0,04397",
Islandia,ISL,Gasto en investigación y desarrollo (% del PIB),,,,,,,,,,,,,,,,,,,,,,,,,,,,,,,,,"1,798079967","1,950989962","2,235059977","2,57201004","2,839890003","2,821199894","2,705499887",,"2,679689884","2,59713006","2,000200033","2,471760035",
Israel,ISR,Gasto en investigación y desarrollo (% del PIB),,,,,,,,,,,,,,,,,,,,,,,,,,,,,,,,"2,586189985","2,805870056","2,917299986","3,32852006","3,929939985","4,183080196","4,129829884","3,890569925","3,870759964","4,044549942","4,123290062","4,796619892","5,435619831",
Italia,ITA,Gasto en investigación y desarrollo (% del PIB),,,,,,,,,,,,,,,,,,,,,,,,,,,,,,,,"0,945900023","0,9876899719","1,004870057","0,9806500077","1,003640056","1,040699959","1,081240058","1,058940053","1,050250053","1,044350028","1,217869997","1,424430013","1,533910036",
Jamaica,JAM,Gasto en investigación y desarrollo (% del PIB),,,,,,,,,,,,,,,,,,,,,,,,,,,,,,,,,,,,,"0,04910000041","0,06095999852",,,,,,,
Jordania,JOR,Gasto en investigación y desarrollo (% del PIB),,,,,,,,,,,,,,,,,,,,,,,,,,,,,,,,,,,,,,"0,336890012",,,,,,,
Japón,JPN,Gasto en investigación y desarrollo (% del PIB),,,,,,,,,,,,,,,,,,,,,,,,,,,,,,,,"2,643029928","2,721770048","2,827450037","2,84671998","2,858409882","2,923480034","2,965140104","2,993200064","2,981250048","3,130919933","3,195899963","3,221750021","3,263170004",
Kazajstán,KAZ,Gasto en investigación y desarrollo (% del PIB),,,,,,,,,,,,,,,,,,,,,,,,,,,,,,,,,"0,2933700085","0,2203900069","0,183829993","0,1810400039","0,2200900018","0,2550899982","0,2524600029","0,2483700067","0,2836099863","0,2292400002","0,1168299988","0,1260199994","0,1324499995"
Kenya,KEN,Gasto en investigación y desarrollo (% del PIB),,,,,,,,,,,,,,,,,,,,,,,,,,,,,,,,,,,,,,,,,,,,,
Kirguistán,KGZ,Gasto en investigación y desarrollo (% del PIB),,,,,,,,,,,,,,,,,,,,,,,,,,,,,,,,,"0,193900004","0,2106399983","0,1799200028","0,1563699991","0,1718900055","0,1981000006","0,2227199972","0,1992599964","0,1986099929","0,1599700004","0,1010700017","0,08933000267",
Camboya,KHM,Gasto en investigación y desarrollo (% del PIB),,,,,,,,,,,,,,,,,,,,,,,,,,,,,,,,,,,,,,"0,04980000108",,,,,,,
Kiribati,KIR,Gasto en investigación y desarrollo (% del PIB),,,,,,,,,,,,,,,,,,,,,,,,,,,,,,,,,,,,,,,,,,,,,
Saint Kitts y Nevis,KNA,Gasto en investigación y desarrollo (% del PIB),,,,,,,,,,,,,,,,,,,,,,,,,,,,,,,,,,,,,,,,,,,,,
"Corea, República de",KOR,Gasto en investigación y desarrollo (% del PIB),,,,,,,,,,,,,,,,,,,,,,,,,,,,,,,,"2,216160059","2,248300076","2,11026001","2,015670061","2,12519002","2,278650045","2,207740068","2,277220011","2,442140102","2,522900105","3,146689892","4,516329765","4,814499855",
Kuwait,KWT,Gasto en investigación y desarrollo (% del PIB),,,,,,,,,,,,,,,,,,,,,,,,,,,,,,,,,"0,2053799927","0,2579599917","0,1976300031","0,1254200041","0,1788399965","0,1800100058","0,1434700042","0,1300999969","0,1008300036","0,1121300012","0,06349000335","0,1866099983",
América Latina y el Caribe (excluido altos ingresos),LAC,Gasto en investigación y desarrollo (% del PIB),,,,,,,,,,,,,,,,,,,,,,,,,,,,,,,,,,,,"0,5754178189","0,5454336551","0,533881216","0,5686077792","0,5738116406","0,6273625776","0,7803211466","0,6843258911",,
República Democrática Popular Lao,LAO,Gasto en investigación y desarrollo (% del PIB),,,,,,,,,,,,,,,,,,,,,,,,,,,,,,,,,,,,,,"0,03709999844",,,,,,,
Líbano,LBN,Gasto en investigación y desarrollo (% del PIB),,,,,,,,,,,,,,,,,,,,,,,,,,,,,,,,,,,,,,,,,,,,,
Liberia,LBR,Gasto en investigación y desarrollo (% del PIB),,,,,,,,,,,,,,,,,,,,,,,,,,,,,,,,,,,,,,,,,,,,,
Libia,LBY,Gasto en investigación y desarrollo (% del PIB),,,,,,,,,,,,,,,,,,,,,,,,,,,,,,,,,,,,,,,,,,,,,
Santa Lucía,LCA,Gasto en investigación y desarrollo (% del PIB),,,,,,,,,,,,,,,,,,,,,,,,,,,,,,,,,,"0,5739499927","0,2737399936",,,,,,,,,,
América Latina y el Caribe,LCN,Gasto en investigación y desarrollo (% del PIB),,,,,,,,,,,,,,,,,,,,,,,,,,,,,,,,,,,,"0,5676502242","0,5420752549","0,5269052863","0,5625169064","0,5668050328","0,5932284031","0,6993514089","0,6583641585",,
Países menos desarrollados: clasificación de las Naciones Unidas,LDC,Gasto en investigación y desarrollo (% del PIB),,,,,,,,,,,,,,,,,,,,,,,,,,,,,,,,,,,,,,,,,,,,,
Países de ingreso bajo,LIC,Gasto en investigación y desarrollo (% del PIB),,,,,,,,,,,,,,,,,,,,,,,,,,,,,,,,,,,,,,,,,,,,,
Liechtenstein,LIE,Gasto en investigación y desarrollo (% del PIB),,,,,,,,,,,,,,,,,,,,,,,,,,,,,,,,,,,,,,,,,,,,,
Sri Lanka,LKA,Gasto en investigación y desarrollo (% del PIB),,,,,,,,,,,,,,,,,,,,,,,,,,,,,,,,"0,1835599989",,,,"0,1439200044",,,,"0,182099998",,,"0,1283600032",,
Países de ingreso mediano bajo,LMC,Gasto en investigación y desarrollo (% del PIB),,,,,,,,,,,,,,,,,,,,,,,,,,,,,,,,,,,,,,,,,,"0,5171305412",,,
Ingreso mediano y bajo,LMY,Gasto en investigación y desarrollo (% del PIB),,,,,,,,,,,,,,,,,,,,,,,,,,,,,,,,,,,,"0,6453895262","0,6738648135","0,7259112122","0,7775435966","0,8040833655","0,8414682514","1,047175915","1,416380799","1,863376753",
Lesotho,LSO,Gasto en investigación y desarrollo (% del PIB),,,,,,,,,,,,,,,,,,,,,,,,,,,,,,,,,,,,,,"0,04185000062","0,04295000061","0,05531999841",,"0,02910000086",,,
avanzada del dividendo demográfico,LTE,Gasto en investigación y desarrollo (% del PIB),,,,,,,,,,,,,,,,,,,,,,,,,,,,,,,,,,,,"0,8254286814","0,8752157242","0,898850057","0,9547989981","0,9642380041","1,022160696","1,274361365","1,695587248","2,091195784",
Lituania,LTU,Gasto en investigación y desarrollo (% del PIB),,,,,,,,,,,,,,,,,,,,,,,,,,,,,,,,"0,4916999936","0,5366700292","0,54381001","0,5020599961","0,585529983","0,6676200032","0,6575499773","0,6641299725","0,7513999939","0,7482100129","0,8308399916","0,9366300106","1,155279994",
Luxemburgo,LUX,Gasto en investigación y desarrollo (% del PIB),,,,,,,,,,,,,,,,,,,,,,,,,,,,,,,,,,,,"1,583140016",,,"1,62349999","1,58818996","1,558730006","1,588389993","1,16711998","1,128600001",
Letonia,LVA,Gasto en investigación y desarrollo (% del PIB),,,,,,,,,,,,,,,,,,,,,,,,,,,,,,,,"0,3968900144","0,3662700057","0,3792200089","0,3518300056","0,4348300099","0,4026300013","0,4084300101","0,3592999876","0,3984000087","0,5270699859","0,4485799968","0,6386899948","0,7055000067",
"Región Administrativa Especial de Macao, China",MAC,Gasto en investigación y desarrollo (% del PIB),,,,,,,,,,,,,,,,,,,,,,,,,,,,,,,,,,,,,"0,06224000081","0,06956999749","0,06244000047","0,05344000086","0,0876000002","0,05406999961","0,2007900029","0,44896999",
Isla de San Martín (parte francesa),MAF,Gasto en investigación y desarrollo (% del PIB),,,,,,,,,,,,,,,,,,,,,,,,,,,,,,,,,,,,,,,,,,,,,
Marruecos,MAR,Gasto en investigación y desarrollo (% del PIB),,,,,,,,,,,,,,,,,,,,,,,,,,,,,,,,,,"0,2734099925",,,"0,6068199873","0,5258600116","0,6307100058",,,,,,
Mónaco,MCO,Gasto en investigación y desarrollo (% del PIB),,,,,,,,,,,,,,,,,,,,,,,,,,,,,,,,,,,,,,,,"0,03719000146","0,03821000084",,,,
República de Moldova,MDA,Gasto en investigación y desarrollo (% del PIB),,,,,,,,,,,,,,,,,,,,,,,,,,,,,,,,"0,8729599714","0,8067899942",,,,,,"0,3240500093","0,3490299881","0,3986499906","0,5255699754","0,2516799867","0,2275400013",
Madagascar,MDG,Gasto en investigación y desarrollo (% del PIB),,,,,,,,,,,,,,,,,,,,,,,,,,,,,,,,,"0,1832499951","0,09380000085","0,08342000097","0,1003199965","0,1817499995","0,201729998","0,2906999886","0,1925999969","0,1509599984","0,1305399984",,,
Maldivas,MDV,Gasto en investigación y desarrollo (% del PIB),,,,,,,,,,,,,,,,,,,,,,,,,,,,,,,,,,,,,,,,,,,,,
Oriente Medio y Norte de África,MEA,Gasto en investigación y desarrollo (% del PIB),,,,,,,,,,,,,,,,,,,,,,,,,,,,,,,,,,,,,,,,,,,,"1,588781132",
México,MEX,Gasto en investigación y desarrollo (% del PIB),,,,,,,,,,,,,,,,,,,,,,,,,,,,,,,,"0,250669986","0,2761999965","0,3019599915","0,3440999985","0,306129992","0,324180007","0,3542999923","0,3931399882","0,3881599903","0,3984400034","0,4795399904","0,3071100116","0,3009600043",
Islas Marshall,MHL,Gasto en investigación y desarrollo (% del PIB),,,,,,,,,,,,,,,,,,,,,,,,,,,,,,,,,,,,,,,,,,,,,
 Ingreso mediano,MIC,Gasto en investigación y desarrollo (% del PIB),,,,,,,,,,,,,,,,,,,,,,,,,,,,,,,,,,,,"0,6463594837","0,6756564391","0,7296438608","0,7817206443","0,8094296784","0,8489429024","1,051133937","1,41657825","1,864757546",
Macedonia del Norte,MKD,Gasto en investigación y desarrollo (% del PIB),,,,,,,,,,,,,,,,,,,,,,,,,,,,,,,,,"0,3591099977","0,4084199965","0,3280900121","0,4188799858","0,2930999994","0,2446099967","0,2106399983","0,2323700041","0,2282499969","0,1967899948","0,3636699915","0,3756000102",
Malí,MLI,Gasto en investigación y desarrollo (% del PIB),,,,,,,,,,,,,,,,,,,,,,,,,,,,,,,,,,,,,,,,,,,,,
Malta,MLT,Gasto en investigación y desarrollo (% del PIB),,,,,,,,,,,,,,,,,,,,,,,,,,,,,,,,,,,,,,"0,2502000034","0,2374300063","0,4897100031","0,5281999707","0,5073900223","0,5928599834","0,679889977",
Myanmar,MMR,Gasto en investigación y desarrollo (% del PIB),,,,,,,,,,,,,,,,,,,,,,,,,,,,,,,,,"0,07010000199","0,04030000046","0,05079000071","0,1216999963","0,08309999853","0,1988700032",,,,,"0,06353999674","0,1472499967",
Oriente Medio y Norte de África (excluido altos ingresos),MNA,Gasto en investigación y desarrollo (% del PIB),,,,,,,,,,,,,,,,,,,,,,,,,,,,,,,,,,,,,,,,,,,,,
Montenegro,MNE,Gasto en investigación y desarrollo (% del PIB),,,,,,,,,,,,,,,,,,,,,,,,,,,,,,,,,,,,,,,"0,797720015","1,018740058","0,9244300127",,"0,5037400126",,
Mongolia,MNG,Gasto en investigación y desarrollo (% del PIB),,,,,,,,,,,,,,,,,,,,,,,,,,,,,,,,,"0,1678600013","0,1664299965","0,1501599997","0,1875700057","0,2674899995","0,251729995","0,2518000007","0,2677699924","0,2377600074","0,3047800064","0,1016099975","0,13301",
Mariana,MNP,Gasto en investigación y desarrollo (% del PIB),,,,,,,,,,,,,,,,,,,,,,,,,,,,,,,,,,,,,,,,,,,,,
Mozambique,MOZ,Gasto en investigación y desarrollo (% del PIB),,,,,,,,,,,,,,,,,,,,,,,,,,,,,,,,,,,,,,"0,3731400073",,,,,,,
Mauritania,MRT,Gasto en investigación y desarrollo (% del PIB),,,,,,,,,,,,,,,,,,,,,,,,,,,,,,,,,,,,,,,,,,,"0,01035999972",,
Mauricio,MUS,Gasto en investigación y desarrollo (% del PIB),,,,,,,,,,,,,,,,,,,,,,,,,,,,,,,,,"0,2789900005","0,2617799938","0,3100799918","0,2840200067","0,3625699878","0,368050009","0,3260399997","0,3681800067","0,360529989",,"0,3469099998","0,4209800065",
Malawi,MWI,Gasto en investigación y desarrollo (% del PIB),,,,,,,,,,,,,,,,,,,,,,,,,,,,,,,,,,,,,,,,,,,,,
Malasia,MYS,Gasto en investigación y desarrollo (% del PIB),,,,,,,,,,,,,,,,,,,,,,,,,,,,,,,,"0,2164500058",,"0,3978900015",,"0,4689899981",,"0,6525400281",,"0,5999000072",,"1,010010004","1,040259957",,
América del Norte,NAC,Gasto en investigación y desarrollo (% del PIB),,,,,,,,,,,,,,,,,,,,,,,,,,,,,,,,"2,389484699","2,417645952","2,452129133","2,497019908","2,576614484","2,607363505","2,521028194","2,521285223","2,463274455","2,471926896","2,733996787","2,897480151","3,321307277",
Namibia,NAM,Gasto en investigación y desarrollo (% del PIB),,,,,,,,,,,,,,,,,,,,,,,,,,,,,,,,,,,,,,,,,,,,,
Nueva Caledonia,NCL,Gasto en investigación y desarrollo (% del PIB),,,,,,,,,,,,,,,,,,,,,,,,,,,,,,,,,,,,,,,,,,,,,
Níger,NER,Gasto en investigación y desarrollo (% del PIB),,,,,,,,,,,,,,,,,,,,,,,,,,,,,,,,,,,,,,,,,,,,,
Nigeria,NGA,Gasto en investigación y desarrollo (% del PIB),,,,,,,,,,,,,,,,,,,,,,,,,,,,,,,,,,,,,,,,,,,,,
Nicaragua,NIC,Gasto en investigación y desarrollo (% del PIB),,,,,,,,,,,,,,,,,,,,,,,,,,,,,,,,,"0,06509999931",,,,,"0,03492999822",,,,,,,
Países Bajos,NLD,Gasto en investigación y desarrollo (% del PIB),,,,,,,,,,,,,,,,,,,,,,,,,,,,,,,,"1,840929985","1,844769955","1,742059946","1,822819948","1,789800048","1,796090007","1,745429993","1,783900023","1,789010048","1,773880005","1,665699959","2,138799906","2,294229984",
Noruega,NOR,Gasto en investigación y desarrollo (% del PIB),,,,,,,,,,,,,,,,,,,,,,,,,,,,,,,,,"1,593500018",,"1,605350018",,"1,562590003","1,629699945","1,679579973","1,544160008","1,482390046","1,724720001","2,047810078","2,276010036",
Nepal,NPL,Gasto en investigación y desarrollo (% del PIB),,,,,,,,,,,,,,,,,,,,,,,,,,,,,,,,,,,,,,,,,,"0,2592400014",,,
Nauru,NRU,Gasto en investigación y desarrollo (% del PIB),,,,,,,,,,,,,,,,,,,,,,,,,,,,,,,,,,,,,,,,,,,,,
Nueva Zelandia,NZL,Gasto en investigación y desarrollo (% del PIB),,,,,,,,,,,,,,,,,,,,,,,,,,,,,,,,,"1,056489944",,"0,9638699889",,"1,100289941",,"1,148910046",,"1,120429993","1,252140045",,,
Miembros OCDE,OED,Gasto en investigación y desarrollo (% del PIB),,,,,,,,,,,,,,,,,,,,,,,,,,,,,,,,"2,104832997","2,127391917","2,140683159","2,208722957","2,254272377","2,287548752","2,231696665","2,224337895","2,175308446","2,188489897","2,374513442","2,593014148","2,95364535",
Omán,OMN,Gasto en investigación y desarrollo (% del PIB),,,,,,,,,,,,,,,,,,,,,,,,,,,,,,,,,,,,,,,,,,,"0,2182500064","0,3710300028",
Otros Estados pequeos,OSS,Gasto en investigación y desarrollo (% del PIB),,,,,,,,,,,,,,,,,,,,,,,,,,,,,,,,,,,,,,,,,,,"0,7265948826",,
Pakistán,PAK,Gasto en investigación y desarrollo (% del PIB),,,,,,,,,,,,,,,,,,,,,,,,,,,,,,,,,"0,1556500047","0,1091900021","0,1159000024","0,1156599969","0,1516499966","0,1988700032",,,"0,3984900117","0,4480600059",,,
Panamá,PAN,Gasto en investigación y desarrollo (% del PIB),,,,,,,,,,,,,,,,,,,,,,,,,,,,,,,,"0,3100999892","0,2991099954","0,2692199945","0,2720499933","0,3626399934","0,360740006","0,342200011","0,3210900128","0,2264599949","0,2318300009","0,132100001",,,
Perú,PER,Gasto en investigación y desarrollo (% del PIB),,,,,,,,,,,,,,,,,,,,,,,,,,,,,,,,,"0,08359999955","0,1007200032","0,09848999977","0,1126599982","0,1109599993","0,1061400026","0,1081300005","0,1557800025",,,"0,1268499941","0,1716700047",
Filipinas,PHL,Gasto en investigación y desarrollo (% del PIB),,,,,,,,,,,,,,,,,,,,,,,,,,,,,,,,,,,,,,"0,1326300055","0,1252699941",,"0,1069199964","0,1090100035","0,3222199976",,
Palau,PLW,Gasto en investigación y desarrollo (% del PIB),,,,,,,,,,,,,,,,,,,,,,,,,,,,,,,,,,,,,,,,,,,,,
Papua Nueva Guinea,PNG,Gasto en investigación y desarrollo (% del PIB),,,,,,,,,,,,,,,,,,,,,,,,,,,,,,,,,,,,,,,,,,,,,
Polonia,POL,Gasto en investigación y desarrollo (% del PIB),,,,,,,,,,,,,,,,,,,,,,,,,,,,,,,,"0,6393700242","0,643149972","0,65970999","0,6805499792","0,6407799721","0,6215900183","0,5567499995","0,5380600095","0,5525000095","0,5627800226","0,6610599756","1,208909988","1,392050028",
previa al dividendo demográfico,PRE,Gasto en investigación y desarrollo (% del PIB),,,,,,,,,,,,,,,,,,,,,,,,,,,,,,,,,,,,,,,,,,,,,
Puerto Rico,PRI,Gasto en investigación y desarrollo (% del PIB),,,,,,,,,,,,,,,,,,,,,,,,,,,,,,,,,,,,,,,,,,"0,4513100088",,,
"Corea, República Popular Democrática de",PRK,Gasto en investigación y desarrollo (% del PIB),,,,,,,,,,,,,,,,,,,,,,,,,,,,,,,,,,,,,,,,,,,,,
Portugal,PRT,Gasto en investigación y desarrollo (% del PIB),,,,,,,,,,,,,,,,,,,,,,,,,,,,,,,,"0,5494999886","0,563740015","0,6248599887","0,6812099814","0,7215600014","0,7648199797","0,7218300104","0,6980199814","0,7293000221","0,7575500011","1,580010056","1,349550009","1,61740005",
Paraguay,PRY,Gasto en investigación y desarrollo (% del PIB),,,,,,,,,,,,,,,,,,,,,,,,,,,,,,,,,,,,,"0,06699000299","0,07492999732","0,06134999916","0,06066000089","0,0609100014",,"0,1468400061",,
Ribera Occidental y Gaza,PSE,Gasto en investigación y desarrollo (% del PIB),,,,,,,,,,,,,,,,,,,,,,,,,,,,,,,,,,,,,,,,,,"0,356460005",,,
Estados pequeos de las Islas del Pacfico,PSS,Gasto en investigación y desarrollo (% del PIB),,,,,,,,,,,,,,,,,,,,,,,,,,,,,,,,,,,,,,,,,,,,,
posterior al dividendo demográfico,PST,Gasto en investigación y desarrollo (% del PIB),,,,,,,,,,,,,,,,,,,,,,,,,,,,,,,,"2,162409491","2,192263906","2,197358618","2,264780003","2,32552615","2,358743698","2,303065359","2,292008556","2,242988554","2,264110516","2,459973054","2,685828258","3,045516291",
Polinesia Francesa,PYF,Gasto en investigación y desarrollo (% del PIB),,,,,,,,,,,,,,,,,,,,,,,,,,,,,,,,,,,,,,,,,,,,,
Qatar,QAT,Gasto en investigación y desarrollo (% del PIB),,,,,,,,,,,,,,,,,,,,,,,,,,,,,,,,,,,,,,,,,,,"0,5312899947",,
Rumania,ROU,Gasto en investigación y desarrollo (% del PIB),,,,,,,,,,,,,,,,,,,,,,,,,,,,,,,,"0,6747199893","0,5745099783","0,4954099953","0,3983199894","0,3662599921","0,391290009","0,3772099912","0,3970800042","0,3894200027","0,412620008","0,4439499974","0,5011199713","0,4703299999",
Federación de Rusia,RUS,Gasto en investigación y desarrollo (% del PIB),,,,,,,,,,,,,,,,,,,,,,,,,,,,,,,,"0,9659199715","1,043740034","0,9538300037","0,9962300062","1,04982996","1,176939964","1,246520042","1,286030054","1,151329994","1,067970037","1,251919985","0,9900199771","1,098029971",
Rwanda,RWA,Gasto en investigación y desarrollo (% del PIB),,,,,,,,,,,,,,,,,,,,,,,,,,,,,,,,,,,,,,,,,,,,,
Asia meridional,SAS,Gasto en investigación y desarrollo (% del PIB),,,,,,,,,,,,,,,,,,,,,,,,,,,,,,,,"0,623488645","0,6173725889","0,6273142784","0,6507244422","0,6465125704","0,6537052392","0,6549051747","0,7192900181","0,7406261833","0,7697757262","0,7857764227","0,6391084209",,
Arabia Saudita,SAU,Gasto en investigación y desarrollo (% del PIB),,,,,,,,,,,,,,,,,,,,,,,,,,,,,,,,,,,,,,,"0,0623300001","0,05314999819","0,04230000079","0,07338000089",,"0,5223199725",
Sudán,SDN,Gasto en investigación y desarrollo (% del PIB),,,,,,,,,,,,,,,,,,,,,,,,,,,,,,,,,,,"0,5300700068","0,4727700055","0,3748300076","0,3224700093","0,2808000147","0,2382500023","0,224999994",,,,
Senegal,SEN,Gasto en investigación y desarrollo (% del PIB),,,,,,,,,,,,,,,,,,,,,,,,,,,,,,,,,,,,,,,,,,,,,
Singapur,SGP,Gasto en investigación y desarrollo (% del PIB),,,,,,,,,,,,,,,,,,,,,,,,,,,,,,,,"1,319910049","1,415639997","1,737069964","1,816239953","1,816990018","2,009299994","2,032819986","1,996790051","2,078589916","2,148060083","2,127899885","1,813910007",,
Islas Salomón,SLB,Gasto en investigación y desarrollo (% del PIB),,,,,,,,,,,,,,,,,,,,,,,,,,,,,,,,,,,,,,,,,,,,,
Sierra Leona,SLE,Gasto en investigación y desarrollo (% del PIB),,,,,,,,,,,,,,,,,,,,,,,,,,,,,,,,,,,,,,,,,,,,,
El Salvador,SLV,Gasto en investigación y desarrollo (% del PIB),,,,,,,,,,,,,,,,,,,,,,,,,,,,,,,,,,"0,0881799981",,,,,,,,"0,09089999646","0,1653099954",,
San Marino,SMR,Gasto en investigación y desarrollo (% del PIB),,,,,,,,,,,,,,,,,,,,,,,,,,,,,,,,,,,,,,,,,,,,,
Somalia,SOM,Gasto en investigación y desarrollo (% del PIB),,,,,,,,,,,,,,,,,,,,,,,,,,,,,,,,,,,,,,,,,,,,,
Serbia,SRB,Gasto en investigación y desarrollo (% del PIB),,,,,,,,,,,,,,,,,,,,,,,,,,,,,,,,,"0,7091500163","0,753009975","0,9468200207","0,8542400002","0,3040100038","0,639680028","0,4913800061","0,289530009","0,3953000009","0,8173000216","0,9189100266","0,9059500098",
África al sur del Sahara (excluido altos ingresos),SSA,Gasto en investigación y desarrollo (% del PIB),,,,,,,,,,,,,,,,,,,,,,,,,,,,,,,,,,,,,,,,,,,,,
Sudán del Sur,SSD,Gasto en investigación y desarrollo (% del PIB),,,,,,,,,,,,,,,,,,,,,,,,,,,,,,,,,,,,,,,,,,,,,
África al sur del Sahara,SSF,Gasto en investigación y desarrollo (% del PIB),,,,,,,,,,,,,,,,,,,,,,,,,,,,,,,,,,,,,,,,,,,,,
Pequeños Estados,SST,Gasto en investigación y desarrollo (% del PIB),,,,,,,,,,,,,,,,,,,,,,,,,,,,,,,,,,,,,,,,,,,,,
Santo Tomé y Príncipe,STP,Gasto en investigación y desarrollo (% del PIB),,,,,,,,,,,,,,,,,,,,,,,,,,,,,,,,,,,,,,,,,,,,,
Suriname,SUR,Gasto en investigación y desarrollo (% del PIB),,,,,,,,,,,,,,,,,,,,,,,,,,,,,,,,,,,,,,,,,,,,,
República Eslovaca,SVK,Gasto en investigación y desarrollo (% del PIB),,,,,,,,,,,,,,,,,,,,,,,,,,,,,,,,"0,8896300197","1,051079988","0,765410006","0,644749999","0,6380599737","0,6246500015","0,5631399751","0,5614600182","0,5006899834","0,4933199883","0,4727199972","0,8396999836","0,9110900164",
Eslovenia,SVN,Gasto en investigación y desarrollo (% del PIB),,,,,,,,,,,,,,,,,,,,,,,,,,,,,,,,"1,264729977","1,246430039","1,305150032","1,336879969","1,359820008","1,467669964","1,443249941","1,247910023","1,37026","1,417780042","1,811840057","1,946449995","2,147350073",
Suecia,SWE,Gasto en investigación y desarrollo (% del PIB),,,,,,,,,,,,,,,,,,,,,,,,,,,,,,,,,"3,273940086",,"3,38132",,"3,873800039",,"3,579479933","3,361289978","3,35958004","3,395279884","3,321059942","3,527220011",
Eswatini,SWZ,Gasto en investigación y desarrollo (% del PIB),,,,,,,,,,,,,,,,,,,,,,,,,,,,,,,,,,,,,,,,,,,,,
Sint Maarten (Dutch part),SXM,Gasto en investigación y desarrollo (% del PIB),,,,,,,,,,,,,,,,,,,,,,,,,,,,,,,,,,,,,,,,,,,,,
Seychelles,SYC,Gasto en investigación y desarrollo (% del PIB),,,,,,,,,,,,,,,,,,,,,,,,,,,,,,,,,,,,,"0,4252499938","0,4070700109","0,411830008","0,3465799987","0,3020899892",,,,
República Árabe Siria,SYR,Gasto en investigación y desarrollo (% del PIB),,,,,,,,,,,,,,,,,,,,,,,,,,,,,,,,,,,,,,,,,,,,,
Islas Turcas y Caicos,TCA,Gasto en investigación y desarrollo (% del PIB),,,,,,,,,,,,,,,,,,,,,,,,,,,,,,,,,,,,,,,,,,,,,
Chad,TCD,Gasto en investigación y desarrollo (% del PIB),,,,,,,,,,,,,,,,,,,,,,,,,,,,,,,,,,,,,,,,,,,,,
Asia oriental y el Pacífico (BIRF y la AIF),TEA,Gasto en investigación y desarrollo (% del PIB),,,,,,,,,,,,,,,,,,,,,,,,,,,,,,,,"0,4619412457","0,5633279483","0,6276404847","0,6941670368","0,7285966009","0,797672089","0,9094823077","1,003997165","1,105229755","1,177221455","1,400170817","1,91216224","2,246080944",
Europa y Asia central (BIRF y la AIF),TEC,Gasto en investigación y desarrollo (% del PIB),,,,,,,,,,,,,,,,,,,,,,,,,,,,,,,,"0,7584307221","0,8014932176","0,6522166316","0,6783278871","0,6966620355","0,7769777604","0,7876964779","0,7865290842","0,7600127738","0,7506851986","0,8884861165","0,8935522695","0,9705226034",
Togo,TGO,Gasto en investigación y desarrollo (% del PIB),,,,,,,,,,,,,,,,,,,,,,,,,,,,,,,,,,,,,,,,,,,,,
Tailandia,THA,Gasto en investigación y desarrollo (% del PIB),,,,,,,,,,,,,,,,,,,,,,,,,,,,,,,,"0,1191800013","0,102140002",,"0,2483599931","0,2447099984","0,2523100078","0,230550006","0,2453400046","0,2382799983","0,2188899964","0,2345499992","1,114060044",,
Tayikistán,TJK,Gasto en investigación y desarrollo (% del PIB),,,,,,,,,,,,,,,,,,,,,,,,,,,,,,,,,,,,,"0,0895299986","0,07067999989","0,06885000318","0,06696999818","0,09570000321","0,0857700035","0,09401000291","0,08902999759",
Turkmenistán,TKM,Gasto en investigación y desarrollo (% del PIB),,,,,,,,,,,,,,,,,,,,,,,,,,,,,,,,,,,,,,,,,,,,,
América Latina y el Caribe (BIRF y la AIF),TLA,Gasto en investigación y desarrollo (% del PIB),,,,,,,,,,,,,,,,,,,,,,,,,,,,,,,,,,,,"0,5691025605","0,5416699295","0,5270531668","0,5631749726","0,5671619215","0,5951067301","0,7067709695","0,660892258",,
Timor-Leste,TLS,Gasto en investigación y desarrollo (% del PIB),,,,,,,,,,,,,,,,,,,,,,,,,,,,,,,,,,,,,,,,,,,,,
Oriente Medio y Norte de África (BIRF y la AIF),TMN,Gasto en investigación y desarrollo (% del PIB),,,,,,,,,,,,,,,,,,,,,,,,,,,,,,,,,,,,,,,,,,,,,
Tonga,TON,Gasto en investigación y desarrollo (% del PIB),,,,,,,,,,,,,,,,,,,,,,,,,,,,,,,,,,,,,,,,,,,,,
Asia meridional (BIRF y la AIF),TSA,Gasto en investigación y desarrollo (% del PIB),,,,,,,,,,,,,,,,,,,,,,,,,,,,,,,,"0,623488645","0,6173725889","0,6273142784","0,6507244422","0,6465125704","0,6537052392","0,6549051747","0,7192900181","0,7406261833","0,7697757262","0,7857764227","0,6391084209",,
África al sur del Sahara (BIRF y la AIF),TSS,Gasto en investigación y desarrollo (% del PIB),,,,,,,,,,,,,,,,,,,,,,,,,,,,,,,,,,,,,,,,,,,,,
Trinidad y Tobago,TTO,Gasto en investigación y desarrollo (% del PIB),,,,,,,,,,,,,,,,,,,,,,,,,,,,,,,,"0,1032499969","0,1155299991","0,1271499991","0,1229199991","0,1080000028","0,104170002","0,1317799985","0,1150100008","0,1144099981","0,1143099964","0,05665000156","0,08444999903",,
Túnez,TUN,Gasto en investigación y desarrollo (% del PIB),,,,,,,,,,,,,,,,,,,,,,,,,,,,,,,,,,,,,,"0,54302001","0,6504399776","0,7309499979","0,7119500041","0,7064399719","0,7184000015",,
Turquía,TUR,Gasto en investigación y desarrollo (% del PIB),,,,,,,,,,,,,,,,,,,,,,,,,,,,,,,,"0,4515900016","0,4916900098","0,3619799912","0,4555700123","0,4655799866","0,5224699974","0,5090399981","0,4653199911","0,4971300066","0,5638099909","0,8036199808","1,025169969","1,088930011",
Tuvalu,TUV,Gasto en investigación y desarrollo (% del PIB),,,,,,,,,,,,,,,,,,,,,,,,,,,,,,,,,,,,,,,,,,,,,
Tanzanía,TZA,Gasto en investigación y desarrollo (% del PIB),,,,,,,,,,,,,,,,,,,,,,,,,,,,,,,,,,,,,,,,,,,,,
Uganda,UGA,Gasto en investigación y desarrollo (% del PIB),,,,,,,,,,,,,,,,,,,,,,,,,,,,,,,,,,,,,,"0,3675599992","0,2561199963","0,2605600059","0,21514","0,2554700077",,,
Ucrania,UKR,Gasto en investigación y desarrollo (% del PIB),,,,,,,,,,,,,,,,,,,,,,,,,,,,,,,,,"1,192299962","1,069929957","0,9696800113","0,9290400147","0,9894400239","0,9626899958","1,071660042","1,04392004","0,9951800108","0,8259599805","0,4711300135","0,4060800076",
Ingreso mediano alto,UMC,Gasto en investigación y desarrollo (% del PIB),,,,,,,,,,,,,,,,,,,,,,,,,,,,,,,,"0,4901331912","0,5323180231",,"0,5738991367","0,6844063254","0,7175417949","0,7780889453","0,8202283521","0,8475000725","0,9026302575","1,194165113","1,607472503","1,99608404",
Uruguay,URY,Gasto en investigación y desarrollo (% del PIB),,,,,,,,,,,,,,,,,,,,,,,,,,,,,,,,"0,2650099993","0,349940002","0,1918600053","0,2241699994","0,2092500031",,"0,2381799966",,,,"0,4125199914","0,3867299855",,
Estados Unidos,USA,Gasto en investigación y desarrollo (% del PIB),,,,,,,,,,,,,,,,,,,,,,,,,,,,,,,,"2,450010061","2,479830027","2,504009962","2,549649954","2,628789902","2,648299932","2,559259892","2,564549923","2,502429962","2,516969919","2,812700033","3,000819921","3,450180054",
Uzbekistán,UZB,Gasto en investigación y desarrollo (% del PIB),,,,,,,,,,,,,,,,,,,,,,,,,,,,,,,,,,,,"0,3606300056","0,3454400003","0,2935599983","0,2682499886","0,2704100013","0,237409994","0,2031500041","0,124499999","0,1391800046",
San Vicente y las Granadinas,VCT,Gasto en investigación y desarrollo (% del PIB),,,,,,,,,,,,,,,,,,,,,,,,,,,,,,,,,,,,,"0,04306000099","0,1202799976",,,,,,,
Venezuela,VEN,Gasto en investigación y desarrollo (% del PIB),,,,,,,,,,,,,,,,,,,,,,,,,,,,,,,,,,,,,,,,,"0,1890700012","0,2401400059",,,
Islas Vírgenes Británicas,VGB,Gasto en investigación y desarrollo (% del PIB),,,,,,,,,,,,,,,,,,,,,,,,,,,,,,,,,,,,,,,,,,,,,
Islas Vírgenes (EE.UU.),VIR,Gasto en investigación y desarrollo (% del PIB),,,,,,,,,,,,,,,,,,,,,,,,,,,,,,,,,,,,,,"0,06616999954","0,03776000068","0,03423999995","0,02936000004",,,,
Viet Nam,VNM,Gasto en investigación y desarrollo (% del PIB),,,,,,,,,,,,,,,,,,,,,,,,,,,,,,,,,,,,,,"0,1927299947",,,,,,,
Vanuatu,VUT,Gasto en investigación y desarrollo (% del PIB),,,,,,,,,,,,,,,,,,,,,,,,,,,,,,,,,,,,,,,,,,,,,
Mundo,WLD,Gasto en investigación y desarrollo (% del PIB),,,,,,,,,,,,,,,,,,,,,,,,,,,,,,,,"1,964183141","1,962477242","1,977615502","2,052260477","2,053112367","2,072232834","2,03674984","2,02544339","1,976836849","1,959222182","2,028012145","2,196332704","2,625843553",
Samoa,WSM,Gasto en investigación y desarrollo (% del PIB),,,,,,,,,,,,,,,,,,,,,,,,,,,,,,,,,,,,,,,,,,,,,
Kosovo,XKX,Gasto en investigación y desarrollo (% del PIB),,,,,,,,,,,,,,,,,,,,,,,,,,,,,,,,,,,,,,,,,,,,,
"Yemen, Rep. del",YEM,Gasto en investigación y desarrollo (% del PIB),,,,,,,,,,,,,,,,,,,,,,,,,,,,,,,,,,,,,,,,,,,,,
Sudáfrica,ZAF,Gasto en investigación y desarrollo (% del PIB),,,,,,,,,,,,,,,,,,,,,,,,,,,,,,,,,"0,5269399881",,,,"0,6422399879",,"0,6765000224","0,7268099785","0,7702400088","0,7499300241","0,6865699887",,
Zambia,ZMB,Gasto en investigación y desarrollo (% del PIB),,,,,,,,,,,,,,,,,,,,,,,,,,,,,,,,"0,01104000024","0,007369999774",,,,,"0,005439999979","0,008469999768","0,0222299993","0,02493000031",,,,
Zimbabwe,ZWE,Gasto en investigación y desarrollo (% del PIB),,,,,,,,,,,,,,,,,,,,,,,,,,,,,,,,,,,,,,,,,,,,,